<?xml version="1.0" encoding="utf-8"?>
<SharedProductData xmlns:xsi="http://www.w3.org/2001/XMLSchema-instance" xmlns:xsd="http://www.w3.org/2001/XMLSchema">
  <ReleaseDescriptorNoSpaces>XeroxPhaser3610_WC3615</ReleaseDescriptorNoSpaces>
  <ReleaseDescriptorWithSpaces>Xerox Phaser 3610 / WorkCentre 3615</ReleaseDescriptorWithSpaces>
  <RecommendedPdl>PS</RecommendedPdl>
  <V4DriverPDL>PCL6</V4DriverPDL>
  <V4DriverPDL>PS</V4DriverPDL>
  <CWISColorLevelsLink>http://{0}/status/statsupl.htm</CWISColorLevelsLink>
  <CWISPaperLevelsLink>http://{0}/status/statgeneral.htm</CWISPaperLevelsLink>
  <capabilities>
    <ControllerFamily>GREEN</ControllerFamily>
    <ControllerFamilyVersion></ControllerFamilyVersion> <!-- ?????? No idea. Doesn't really matter yet, though. -->
    <MicrosoftWsdMonAutoConfig>NotSupported</MicrosoftWsdMonAutoConfig>
    <MicrosoftTcpMonAutoConfig>NotSupported</MicrosoftTcpMonAutoConfig>    
    <XBDSLevel />
    <XCPTLevel>1.0</XCPTLevel>
    <CBRLevel />
    <ColorCapability>Monochrome</ColorCapability>
    <MediaTypeTranslation>Office</MediaTypeTranslation>
    <LegacyBidiTonerType>MonoSingleBlack</LegacyBidiTonerType>
    <LegacyBidiJobStatusSupport>Not Available</LegacyBidiJobStatusSupport>
    <NonXBDS_EOJSupport>Not Supported</NonXBDS_EOJSupport>
    <LDAPPhonebook>Not Supported</LDAPPhonebook>
  </capabilities>
  <models>
    <PrinterModel>
      <ModelName>Xerox Phaser 3610</ModelName>
      <SysObjectIds>
        <string>1.3.6.1.4.1.253.8.62.1.19.1.30.1</string>
        <string>1.3.6.1.4.1.253.8.62.1.19.1.30.2</string>
      </SysObjectIds>
      <USBProductId>3CFB</USBProductId>
      <RatedSpeed>47</RatedSpeed>
      <HardwareId>XeroxPhaser_361084DC</HardwareId>
      <RegistrationModel>3610</RegistrationModel>
      <ConditionalModelDesignation>3610</ConditionalModelDesignation>
      <WebLinkModelId>3610</WebLinkModelId>
    </PrinterModel>
    <PrinterModel>
      <ModelName>Xerox WorkCentre 3615</ModelName>
      <SysObjectIds>
        <string>1.3.6.1.4.1.253.8.62.1.20.6.35.1</string>
      </SysObjectIds>
      <USBProductId>42C4</USBProductId>
      <RatedSpeed>47</RatedSpeed>
      <HardwareId>XeroxWorkCentre_36150314</HardwareId>
      <RegistrationModel>WC3615</RegistrationModel>
      <ConditionalModelDesignation>WC3615</ConditionalModelDesignation>
      <WebLinkModelId>WC3615</WebLinkModelId>
    </PrinterModel>
  </models>
  <!-- MS PIN Printing Constraints: 0 = None; 1 = Hard Drive only; 2 = JobStorage only; 3 = both RAM Disk and Hard Drive; -->
  <MsPinConstraintType>2</MsPinConstraintType>
</SharedProductData>